number_of_processes,time_taken
1,271.0015654
2,152.56161679999997
4,85.0025511
6,61.9757386
8,65.3009482
10,40.13327749999996
12,41.8825468
14,40.97960360000002
20,45.48971259999996
